Match_id,balls_per_over,team,team.1,gender,season,date,event,match_number,venue,city,toss_winner,toss_decision,player_of_match,umpire,umpire.1,reserve_umpire,tv_umpire,match_referee,winner,winner_runs,winner_wickets,outcome,method,date.1,eliminator,player_of_match.1
1144483,6,England,South Africa,male,2019,2019/05/30,World Cup,1.0,Kennington Oval,London,South Africa,field,BA Stokes,BNJ Oxenford,HDPK Dharmasena,JS Wilson,PR Reiffel,DC Boon,England,104.0,,,,,,
1144484,6,Pakistan,West Indies,male,2019,2019/05/31,World Cup,2.0,Trent Bridge,Nottingham,West Indies,field,O Thomas,CB Gaffaney,M Erasmus,RSA Palliyaguruge,S Ravi,JJ Crowe,West Indies,,7.0,,,,,
1144485,6,New Zealand,Sri Lanka,male,2019,2019/06/01,World Cup,3.0,Sophia Gardens,Cardiff,New Zealand,field,MJ Henry,RJ Tucker,IJ Gould,P Wilson,NJ Llong,AJ Pycroft,New Zealand,,10.0,,,,,
1144487,6,Bangladesh,South Africa,male,2019,2019/06/02,World Cup,5.0,Kennington Oval,London,South Africa,field,Shakib Al Hasan,JS Wilson,PR Reiffel,BNJ Oxenford,HDPK Dharmasena,DC Boon,Bangladesh,21.0,,,,,,
1144488,6,England,Pakistan,male,2019,2019/06/03,World Cup,6.0,Trent Bridge,Nottingham,England,field,Mohammad Hafeez,M Erasmus,S Ravi,CB Gaffaney,RSA Palliyaguruge,JJ Crowe,Pakistan,14.0,,,,,,
1144490,6,India,South Africa,male,2019,2019/06/05,World Cup,8.0,The Rose Bowl,Southampton,South Africa,bat,RG Sharma,RA Kettleborough,MA Gough,Aleem Dar,RK Illingworth,RS Madugalle,India,,6.0,,,,,
1144491,6,Bangladesh,New Zealand,male,2019,2019/06/05,World Cup,9.0,Kennington Oval,London,New Zealand,field,LRPL Taylor,BNJ Oxenford,PR Reiffel,HDPK Dharmasena,JS Wilson,DC Boon,New Zealand,,2.0,,,,,
1144492,6,Australia,West Indies,male,2019,2019/06/06,World Cup,10.0,Trent Bridge,Nottingham,West Indies,field,NM Coulter-Nile,CB Gaffaney,RSA Palliyaguruge,S Ravi,M Erasmus,JJ Crowe,Australia,15.0,,,,,,
1144494,6,England,Bangladesh,male,2019,2019/06/08,World Cup,12.0,Sophia Gardens,Cardiff,Bangladesh,field,JJ Roy,JS Wilson,HDPK Dharmasena,PR Reiffel,BNJ Oxenford,DC Boon,England,106.0,,,,,,
1144496,6,Australia,India,male,2019,2019/06/09,World Cup,14.0,Kennington Oval,London,India,bat,S Dhawan,IJ Gould,CB Gaffaney,RSA Palliyaguruge,NJ Llong,AJ Pycroft,India,36.0,,,,,,
1144497,6,South Africa,West Indies,male,2019,2019/06/10,World Cup,15.0,The Rose Bowl,Southampton,West Indies,field,,P Wilson,RJ Tucker,HDPK Dharmasena,S Ravi,DC Boon,,,,no result,,,,
1144499,6,Australia,Pakistan,male,2019,2019/06/12,World Cup,17.0,The Cooper Associates County Ground,Taunton,Pakistan,field,DA Warner,NJ Llong,RSA Palliyaguruge,CB Gaffaney,IJ Gould,AJ Pycroft,Australia,41.0,,,,,,
1144501,6,England,West Indies,male,2019,2019/06/14,World Cup,19.0,The Rose Bowl,Southampton,England,field,JE Root,HDPK Dharmasena,S Ravi,P Wilson,RJ Tucker,DC Boon,England,,8.0,,,,,
1144502,6,Australia,Sri Lanka,male,2019,2019/06/15,World Cup,20.0,Kennington Oval,London,Sri Lanka,field,AJ Finch,Aleem Dar,RK Illingworth,RA Kettleborough,MA Gough,JJ Crowe,Australia,87.0,,,,,,
1144504,6,India,Pakistan,male,2019,2019/06/16,World Cup,22.0,Old Trafford,Manchester,Pakistan,field,RG Sharma,BNJ Oxenford,M Erasmus,PR Reiffel,JS Wilson,RS Madugalle,India,89.0,,,D/L,,,
1144505,6,Bangladesh,West Indies,male,2019,2019/06/17,World Cup,23.0,The Cooper Associates County Ground,Taunton,Bangladesh,field,Shakib Al Hasan,RJ Tucker,S Ravi,HDPK Dharmasena,P Wilson,DC Boon,Bangladesh,,7.0,,,,,
1144507,6,New Zealand,South Africa,male,2019,2019/06/19,World Cup,25.0,Edgbaston,Birmingham,New Zealand,field,KS Williamson,IJ Gould,NJ Llong,RSA Palliyaguruge,RJ Tucker,RB Richardson,New Zealand,,4.0,,,,,
1144508,6,Australia,Bangladesh,male,2019,2019/06/20,World Cup,26.0,Trent Bridge,Nottingham,Australia,bat,DA Warner,RA Kettleborough,MA Gough,Aleem Dar,RK Illingworth,JJ Crowe,Australia,48.0,,,,,,
1144509,6,England,Sri Lanka,male,2019,2019/06/21,World Cup,27.0,Headingley,Leeds,Sri Lanka,bat,SL Malinga,P Wilson,M Erasmus,PR Reiffel,BNJ Oxenford,RB Richardson,Sri Lanka,20.0,,,,,,
1144511,6,New Zealand,West Indies,male,2019,2019/06/22,World Cup,29.0,Old Trafford,Manchester,West Indies,field,KS Williamson,IJ Gould,RSA Palliyaguruge,RJ Tucker,NJ Llong,DC Boon,New Zealand,5.0,,,,,,
1144512,6,Pakistan,South Africa,male,2019,2019/06/23,World Cup,30.0,Lord's,London,Pakistan,bat,Haris Sohail,JS Wilson,HDPK Dharmasena,S Ravi,CB Gaffaney,RS Madugalle,Pakistan,49.0,,,,,,
1144514,6,England,Australia,male,2019,2019/06/25,World Cup,32.0,Lord's,London,England,field,AJ Finch,CB Gaffaney,S Ravi,JS Wilson,HDPK Dharmasena,RS Madugalle,Australia,64.0,,,,,,
1144515,6,New Zealand,Pakistan,male,2019,2019/06/26,World Cup,33.0,Edgbaston,Birmingham,New Zealand,bat,Babar Azam,BNJ Oxenford,PR Reiffel,M Erasmus,P Wilson,RB Richardson,Pakistan,,6.0,,,,,
1144516,6,India,West Indies,male,2019,2019/06/27,World Cup,34.0,Old Trafford,Manchester,India,bat,V Kohli,RA Kettleborough,RK Illingworth,Aleem Dar,MA Gough,BC Broad,India,125.0,,,,,,
1144517,6,South Africa,Sri Lanka,male,2019,2019/06/28,World Cup,35.0,Riverside Ground,Chester-le-Street,South Africa,field,D Pretorius,RJ Tucker,S Ravi,PR Reiffel,BNJ Oxenford,DC Boon,South Africa,,9.0,,,,,
1144519,6,Australia,New Zealand,male,2019,2019/06/29,World Cup,37.0,Lord's,London,Australia,bat,AT Carey,JS Wilson,RK Illingworth,MA Gough,RA Kettleborough,RB Richardson,Australia,86.0,,,,,,
1144520,6,England,India,male,2019,2019/06/30,World Cup,38.0,Edgbaston,Birmingham,England,bat,JM Bairstow,Aleem Dar,HDPK Dharmasena,M Erasmus,RSA Palliyaguruge,RS Madugalle,England,31.0,,,,,,
1144521,6,Sri Lanka,West Indies,male,2019,2019/07/01,World Cup,39.0,Riverside Ground,Chester-le-Street,West Indies,field,WIA Fernando,BNJ Oxenford,PR Reiffel,RJ Tucker,S Ravi,DC Boon,Sri Lanka,23.0,,,,,,
1144522,6,Bangladesh,India,male,2019,2019/07/02,World Cup,40.0,Edgbaston,Birmingham,India,bat,RG Sharma,M Erasmus,RSA Palliyaguruge,HDPK Dharmasena,Aleem Dar,RS Madugalle,India,28.0,,,,,,
1144523,6,England,New Zealand,male,2019,2019/07/03,World Cup,41.0,Riverside Ground,Chester-le-Street,England,bat,JM Bairstow,RJ Tucker,S Ravi,BNJ Oxenford,PR Reiffel,DC Boon,England,119.0,,,,,,
1144525,6,Bangladesh,Pakistan,male,2019,2019/07/05,World Cup,43.0,Lord's,London,Pakistan,bat,Shaheen Shah Afridi,RA Kettleborough,MA Gough,JS Wilson,RK Illingworth,RB Richardson,Pakistan,94.0,,,,,,
1144526,6,India,Sri Lanka,male,2019,2019/07/06,World Cup,44.0,Headingley,Leeds,Sri Lanka,bat,RG Sharma,P Wilson,IJ Gould,NJ Llong,CB Gaffaney,BC Broad,India,,7.0,,,,,
1144527,6,Australia,South Africa,male,2019,2019/07/06,World Cup,45.0,Old Trafford,Manchester,South Africa,bat,F du Plessis,Aleem Dar,HDPK Dharmasena,RSA Palliyaguruge,S Ravi,RS Madugalle,South Africa,10.0,,,,,,
1144528,6,India,New Zealand,male,2019,2019/07/09,World Cup,,Old Trafford,Manchester,New Zealand,bat,MJ Henry,RA Kettleborough,RK Illingworth,NJ Llong,RJ Tucker,DC Boon,New Zealand,18.0,,,,2019/07/10,,
1144529,6,Australia,England,male,2019,2019/07/11,World Cup,,Edgbaston,Birmingham,Australia,bat,CR Woakes,HDPK Dharmasena,M Erasmus,Aleem Dar,CB Gaffaney,RS Madugalle,England,,8.0,,,,,
1144530,6,England,New Zealand,male,2019,2019/07/14,World Cup,,Lord's,London,New Zealand,bat,BA Stokes,HDPK Dharmasena,M Erasmus,Aleem Dar,RJ Tucker,RS Madugalle,,,,tie,,,England,
1384392,6,England,New Zealand,male,2023/24,2023/10/05,ICC Cricket World Cup,1.0,"Narendra Modi Stadium, Ahmedabad",Ahmedabad,New Zealand,field,R Ravindra,HDPK Dharmasena,Nitin Menon,Sharfuddoula,P Wilson,J Srinath,New Zealand,,9.0,,,,,
1384393,6,Pakistan,Netherlands,male,2023/24,2023/10/06,ICC Cricket World Cup,2.0,"Rajiv Gandhi International Stadium, Uppal, Hyderabad",Hyderabad,Netherlands,field,Saud Shakeel,AT Holdstock,CM Brown,PR Reiffel,RJ Tucker,JJ Crowe,Pakistan,81.0,,,,,,
1384395,6,South Africa,Sri Lanka,male,2023/24,2023/10/07,ICC Cricket World Cup,4.0,"Arun Jaitley Stadium, Delhi",Delhi,Sri Lanka,field,AK Markram,RK Illingworth,Sharfuddoula,AG Wharf,MA Gough,J Srinath,South Africa,102.0,,,,,,
1384396,6,Australia,India,male,2023/24,2023/10/08,ICC Cricket World Cup,5.0,"MA Chidambaram Stadium, Chepauk, Chennai",Chennai,Australia,bat,KL Rahul,CB Gaffaney,RA Kettleborough,AT Holdstock,CM Brown,RB Richardson,India,,6.0,,,,,
1384397,6,New Zealand,Netherlands,male,2023/24,2023/10/09,ICC Cricket World Cup,6.0,"Rajiv Gandhi International Stadium, Uppal, Hyderabad",Hyderabad,Netherlands,field,MJ Santner,PR Reiffel,RJ Tucker,Nitin Menon,JS Wilson,AJ Pycroft,New Zealand,99.0,,,,,,
1384398,6,England,Bangladesh,male,2023/24,2023/10/10,ICC Cricket World Cup,7.0,"Himachal Pradesh Cricket Association Stadium, Dharamsala",Dharamsala,Bangladesh,field,DJ Malan,Ahsan Raza,P Wilson,HDPK Dharmasena,AT Holdstock,J Srinath,England,137.0,,,,,,
1384399,6,Sri Lanka,Pakistan,male,2023/24,2023/10/10,ICC Cricket World Cup,8.0,"Rajiv Gandhi International Stadium, Uppal, Hyderabad",Hyderabad,Sri Lanka,bat,Mohammad Rizwan,AG Wharf,CB Gaffaney,RJ Tucker,Nitin Menon,AJ Pycroft,Pakistan,,6.0,,,,,
1384401,6,South Africa,Australia,male,2023/24,2023/10/12,ICC Cricket World Cup,10.0,"Bharat Ratna Shri Atal Bihari Vajpayee Ekana Cricket Stadium, Lucknow",Lucknow,Australia,field,Q de Kock,JS Wilson,RK Illingworth,CM Brown,RA Kettleborough,J Srinath,South Africa,134.0,,,,,,
1384402,6,Bangladesh,New Zealand,male,2023/24,2023/10/13,ICC Cricket World Cup,11.0,"MA Chidambaram Stadium, Chepauk, Chennai",Chennai,New Zealand,field,LH Ferguson,HDPK Dharmasena,Nitin Menon,AG Wharf,MA Gough,RB Richardson,New Zealand,,8.0,,,,,
1384403,6,Pakistan,India,male,2023/24,2023/10/14,ICC Cricket World Cup,12.0,"Narendra Modi Stadium, Ahmedabad",Ahmedabad,India,field,JJ Bumrah,M Erasmus,RK Illingworth,CB Gaffaney,RA Kettleborough,AJ Pycroft,India,,7.0,,,,,
1384405,6,Sri Lanka,Australia,male,2023/24,2023/10/16,ICC Cricket World Cup,14.0,"Bharat Ratna Shri Atal Bihari Vajpayee Ekana Cricket Stadium, Lucknow",Lucknow,Sri Lanka,bat,A Zampa,CB Gaffaney,JS Wilson,,CM Brown,RB Richardson,Australia,,5.0,,,,,
1384406,6,Netherlands,South Africa,male,2023/24,2023/10/17,ICC Cricket World Cup,15.0,"Himachal Pradesh Cricket Association Stadium, Dharamsala",Dharamsala,South Africa,field,SA Edwards,MA Gough,RA Kettleborough,Ahsan Raza,Sharfuddoula,JJ Crowe,Netherlands,38.0,,,,,,
1384408,6,Bangladesh,India,male,2023/24,2023/10/19,ICC Cricket World Cup,17.0,"Maharashtra Cricket Association Stadium, Pune",Pune,Bangladesh,bat,V Kohli,AT Holdstock,RA Kettleborough,M Erasmus,HDPK Dharmasena,AJ Pycroft,India,,7.0,,,,,
1384409,6,Australia,Pakistan,male,2023/24,2023/10/20,ICC Cricket World Cup,18.0,"M Chinnaswamy Stadium, Bengaluru",Bengaluru,Pakistan,field,DA Warner,CM Brown,RK Illingworth,J Madanagopal,MA Gough,RB Richardson,Australia,62.0,,,,,,
1384410,6,Netherlands,Sri Lanka,male,2023/24,2023/10/21,ICC Cricket World Cup,19.0,"Bharat Ratna Shri Atal Bihari Vajpayee Ekana Cricket Stadium, Lucknow",Lucknow,Netherlands,bat,S Samarawickrama,Ahsan Raza,M Erasmus,CB Gaffaney,RJ Tucker,JJ Crowe,Sri Lanka,,5.0,,,,,
1384411,6,South Africa,England,male,2023/24,2023/10/21,ICC Cricket World Cup,20.0,"Wankhede Stadium, Mumbai",Mumbai,England,field,H Klaasen,HDPK Dharmasena,Nitin Menon,JS Wilson,PR Reiffel,J Srinath,South Africa,229.0,,,,,,
1384412,6,New Zealand,India,male,2023/24,2023/10/22,ICC Cricket World Cup,21.0,"Himachal Pradesh Cricket Association Stadium, Dharamsala",Dharamsala,India,field,Mohammed Shami,AT Holdstock,MA Gough,Praveen Sen,P Wilson,AJ Pycroft,India,,4.0,,,,,
1384414,6,South Africa,Bangladesh,male,2023/24,2023/10/24,ICC Cricket World Cup,23.0,"Wankhede Stadium, Mumbai",Mumbai,South Africa,bat,Q de Kock,Ahsan Raza,JS Wilson,KN Ananthapadmanabhan,P Wilson,JJ Crowe,South Africa,149.0,,,,,,
1384415,6,Australia,Netherlands,male,2023/24,2023/10/25,ICC Cricket World Cup,24.0,"Arun Jaitley Stadium, Delhi",Delhi,Australia,bat,GJ Maxwell,MA Gough,Sharfuddoula,Nitin Menon,M Erasmus,AJ Pycroft,Australia,309.0,,,,,,
1384416,6,England,Sri Lanka,male,2023/24,2023/10/26,ICC Cricket World Cup,25.0,"M Chinnaswamy Stadium, Bengaluru",Bengaluru,England,bat,CBRLS Kumara,AT Holdstock,CM Brown,RJ Tucker,Ahsan Raza,J Srinath,Sri Lanka,,8.0,,,,,
1384417,6,Pakistan,South Africa,male,2023/24,2023/10/27,ICC Cricket World Cup,26.0,"MA Chidambaram Stadium, Chepauk, Chennai",Chennai,Pakistan,bat,T Shamsi,AG Wharf,PR Reiffel,RA Kettleborough,RK Illingworth,RB Richardson,South Africa,,1.0,,,,,
1384418,6,Australia,New Zealand,male,2023/24,2023/10/28,ICC Cricket World Cup,27.0,"Himachal Pradesh Cricket Association Stadium, Dharamsala",Dharamsala,New Zealand,field,TM Head,M Erasmus,Sharfuddoula,MA Gough,Nitin Menon,AJ Pycroft,Australia,5.0,,,,,,
1384419,6,Netherlands,Bangladesh,male,2023/24,2023/10/28,ICC Cricket World Cup,28.0,"Eden Gardens, Kolkata",Kolkata,Netherlands,bat,PA van Meekeren,JS Wilson,P Wilson,CB Gaffaney,HDPK Dharmasena,JJ Crowe,Netherlands,87.0,,,,,,
1384420,6,India,England,male,2023/24,2023/10/29,ICC Cricket World Cup,29.0,"Bharat Ratna Shri Atal Bihari Vajpayee Ekana Cricket Stadium, Lucknow",Lucknow,England,field,RG Sharma,AT Holdstock,RJ Tucker,CM Brown,Ahsan Raza,RB Richardson,India,100.0,,,,,,
1384422,6,Bangladesh,Pakistan,male,2023/24,2023/10/31,ICC Cricket World Cup,31.0,"Eden Gardens, Kolkata",Kolkata,Bangladesh,bat,Fakhar Zaman,Nitin Menon,RA Kettleborough,PR Reiffel,AT Holdstock,AJ Pycroft,Pakistan,,7.0,,,,,
1384423,6,South Africa,New Zealand,male,2023/24,2023/11/01,ICC Cricket World Cup,32.0,"Maharashtra Cricket Association Stadium, Pune",Pune,New Zealand,field,HE van der Dussen,Ahsan Raza,HDPK Dharmasena,P Wilson,Sharfuddoula,RB Richardson,South Africa,190.0,,,,,,
1384424,6,India,Sri Lanka,male,2023/24,2023/11/02,ICC Cricket World Cup,33.0,"Wankhede Stadium, Mumbai",Mumbai,Sri Lanka,field,Mohammed Shami,CM Brown,PR Reiffel,RK Illingworth,RJ Tucker,JJ Crowe,India,302.0,,,,,,
1384426,6,New Zealand,Pakistan,male,2023/24,2023/11/04,ICC Cricket World Cup,35.0,"M Chinnaswamy Stadium, Bengaluru",Bengaluru,Pakistan,field,Fakhar Zaman,P Wilson,RA Kettleborough,JS Wilson,RK Illingworth,RB Richardson,Pakistan,21.0,,,D/L,,,
1384427,6,Australia,England,male,2023/24,2023/11/04,ICC Cricket World Cup,36.0,"Narendra Modi Stadium, Ahmedabad",Ahmedabad,England,field,A Zampa,CB Gaffaney,M Erasmus,Ahsan Raza,AT Holdstock,JJ Crowe,Australia,33.0,,,,,,
1384428,6,India,South Africa,male,2023/24,2023/11/05,ICC Cricket World Cup,37.0,"Eden Gardens, Kolkata",Kolkata,India,bat,V Kohli,HDPK Dharmasena,PR Reiffel,AG Wharf,CM Brown,AJ Pycroft,India,243.0,,,,,,
1384429,6,Sri Lanka,Bangladesh,male,2023/24,2023/11/06,ICC Cricket World Cup,38.0,"Arun Jaitley Stadium, Delhi",Delhi,Bangladesh,field,Shakib Al Hasan,M Erasmus,RK Illingworth,AT Holdstock,Nitin Menon,RB Richardson,Bangladesh,,3.0,,,,,
1384431,6,England,Netherlands,male,2023/24,2023/11/08,ICC Cricket World Cup,40.0,"Maharashtra Cricket Association Stadium, Pune",Pune,England,bat,BA Stokes,Ahsan Raza,RJ Tucker,P Wilson,M Erasmus,AJ Pycroft,England,160.0,,,,,,
1384432,6,Sri Lanka,New Zealand,male,2023/24,2023/11/09,ICC Cricket World Cup,41.0,"M Chinnaswamy Stadium, Bengaluru",Bengaluru,New Zealand,field,TA Boult,AT Holdstock,JS Wilson,PR Reiffel,RA Kettleborough,J Srinath,New Zealand,,5.0,,,,,
1384434,6,Bangladesh,Australia,male,2023/24,2023/11/11,ICC Cricket World Cup,43.0,"Maharashtra Cricket Association Stadium, Pune",Pune,Australia,field,MR Marsh,Ahsan Raza,M Erasmus,RA Kettleborough,RK Illingworth,AJ Pycroft,Australia,,8.0,,,,,
1384435,6,England,Pakistan,male,2023/24,2023/11/11,ICC Cricket World Cup,44.0,"Eden Gardens, Kolkata",Kolkata,England,bat,DJ Willey,P Wilson,RJ Tucker,PR Reiffel,Sharfuddoula,J Srinath,England,93.0,,,,,,
1384436,6,India,Netherlands,male,2023/24,2023/11/12,ICC Cricket World Cup,45.0,"M Chinnaswamy Stadium, Bengaluru",Bengaluru,India,bat,SS Iyer,CB Gaffaney,MA Gough,CM Brown,JS Wilson,RB Richardson,India,160.0,,,,,,
1384437,6,India,New Zealand,male,2023/24,2023/11/15,ICC Cricket World Cup,,"Wankhede Stadium, Mumbai",Mumbai,India,bat,Mohammed Shami,RK Illingworth,RJ Tucker,AT Holdstock,JS Wilson,AJ Pycroft,India,70.0,,,,,,
1384438,6,South Africa,Australia,male,2023/24,2023/11/16,ICC Cricket World Cup,,"Eden Gardens, Kolkata",Kolkata,South Africa,bat,TM Head,Nitin Menon,RA Kettleborough,MA Gough,CB Gaffaney,J Srinath,Australia,,3.0,,,,,
1384439,6,India,Australia,male,2023/24,2023/11/19,ICC Cricket World Cup,,"Narendra Modi Stadium, Ahmedabad",Ahmedabad,Australia,field,TM Head,RK Illingworth,RA Kettleborough,CB Gaffaney,JS Wilson,AJ Pycroft,Australia,,6.0,,,,,
247457,6,West Indies,Pakistan,male,2006/07,2007/03/13,ICC World Cup,1.0,"Sabina Park, Kingston",Jamaica,Pakistan,field,DR Smith,BF Bowden,SJA Taufel,IJ Gould,BG Jerling,BC Broad,West Indies,54.0,,,,,,
247458,6,Australia,Scotland,male,2006/07,2007/03/14,ICC World Cup,2.0,"Warner Park, Basseterre",St Kitts,Scotland,field,RT Ponting,SA Bucknor,EAR de Silva,MR Benson,AL Hill,J Srinath,Australia,203.0,,,,,,
247460,6,Bermuda,Sri Lanka,male,2006/07,2007/03/15,ICC World Cup,4.0,"Queen's Park Oval, Port of Spain",Trinidad,Sri Lanka,bat,DPMD Jayawardene,DJ Harper,IL Howell,SJ Davis,Aleem Dar,JJ Crowe,Sri Lanka,243.0,,,,,,
247461,6,Ireland,Zimbabwe,male,2006/07,2007/03/15,ICC World Cup,5.0,"Sabina Park, Kingston",Jamaica,Zimbabwe,field,JP Bray,IJ Gould,BG Jerling,SJA Taufel,BF Bowden,RS Mahanama,,,,tie,,,,
247462,6,Netherlands,South Africa,male,2006/07,2007/03/16,ICC World Cup,7.0,"Warner Park, Basseterre",St Kitts,Netherlands,field,HH Gibbs,MR Benson,AL Hill,EAR de Silva,SA Bucknor,RS Madugalle,South Africa,221.0,,,,,,
247463,6,England,New Zealand,male,2006/07,2007/03/16,ICC World Cup,6.0,"Beausejour Stadium, Gros Islet",St Lucia,New Zealand,field,SB Styris,Asad Rauf,RE Koertzen,BR Doctrove,PD Parker,MJ Procter,New Zealand,,6.0,,,,,
247464,6,Bangladesh,India,male,2006/07,2007/03/17,ICC World Cup,8.0,"Queen's Park Oval, Port of Spain",Trinidad,India,bat,Mashrafe Mortaza,Aleem Dar,SJ Davis,DJ Harper,IL Howell,AG Hurst,Bangladesh,,5.0,,,,,
247465,6,Ireland,Pakistan,male,2006/07,2007/03/17,ICC World Cup,9.0,"Sabina Park, Kingston",Jamaica,Ireland,field,NJ O'Brien,BF Bowden,BG Jerling,IJ Gould,SJA Taufel,BC Broad,Ireland,,3.0,,D/L,,,
247466,6,Australia,Netherlands,male,2006/07,2007/03/18,ICC World Cup,10.0,"Warner Park, Basseterre",St Kitts,Australia,bat,BJ Hodge,SA Bucknor,AL Hill,MR Benson,EAR de Silva,J Srinath,Australia,229.0,,,,,,
247467,6,Canada,England,male,2006/07,2007/03/18,ICC World Cup,11.0,"Beausejour Stadium, Gros Islet",St Lucia,Canada,field,PD Collingwood,BR Doctrove,PD Parker,RE Koertzen,Asad Rauf,JJ Crowe,England,51.0,,,,,,
247468,6,Bermuda,India,male,2006/07,2007/03/19,ICC World Cup,12.0,"Queen's Park Oval, Port of Spain",Trinidad,Bermuda,field,V Sehwag,Aleem Dar,IL Howell,SJ Davis,DJ Harper,AG Hurst,India,257.0,,,,,,
247469,6,West Indies,Zimbabwe,male,2006/07,2007/03/19,ICC World Cup,13.0,"Sabina Park, Kingston",Jamaica,West Indies,field,SC Williams,IJ Gould,SJA Taufel,BG Jerling,BF Bowden,RS Mahanama,West Indies,,6.0,,,,,
247470,6,Scotland,South Africa,male,2006/07,2007/03/20,ICC World Cup,15.0,"Warner Park, Basseterre",St Kitts,South Africa,field,GC Smith,MR Benson,EAR de Silva,AL Hill,SA Bucknor,RS Madugalle,South Africa,,7.0,,,,,
247471,6,Kenya,New Zealand,male,2006/07,2007/03/20,ICC World Cup,14.0,"Beausejour Stadium, Gros Islet",St Lucia,Kenya,field,LRPL Taylor,BR Doctrove,RE Koertzen,Asad Rauf,PD Parker,MJ Procter,New Zealand,148.0,,,,,,
247472,6,Bangladesh,Sri Lanka,male,2006/07,2007/03/21,ICC World Cup,16.0,"Queen's Park Oval, Port of Spain",Trinidad,Bangladesh,field,ST Jayasuriya,SJ Davis,DJ Harper,Aleem Dar,IL Howell,JJ Crowe,Sri Lanka,198.0,,,D/L,,,
247473,6,Pakistan,Zimbabwe,male,2006/07,2007/03/21,ICC World Cup,17.0,"Sabina Park, Kingston",Jamaica,Zimbabwe,field,Imran Nazir,BG Jerling,SJA Taufel,BF Bowden,IJ Gould,BC Broad,Pakistan,93.0,,,D/L,,,
247474,6,Netherlands,Scotland,male,2006/07,2007/03/22,ICC World Cup,19.0,"Warner Park, Basseterre",St Kitts,Netherlands,field,WF Stelling,EAR de Silva,AL Hill,SA Bucknor,MR Benson,J Srinath,Netherlands,,8.0,,,,,
247475,6,Canada,New Zealand,male,2006/07,2007/03/22,ICC World Cup,18.0,"Beausejour Stadium, Gros Islet",St Lucia,Canada,field,L Vincent,Asad Rauf,BR Doctrove,PD Parker,RE Koertzen,MJ Procter,New Zealand,114.0,,,,,,
247476,6,India,Sri Lanka,male,2006/07,2007/03/23,ICC World Cup,20.0,"Queen's Park Oval, Port of Spain",Trinidad,India,field,M Muralitharan,Aleem Dar,DJ Harper,IL Howell,SJ Davis,JJ Crowe,Sri Lanka,69.0,,,,,,
247477,6,West Indies,Ireland,male,2006/07,2007/03/23,ICC World Cup,21.0,"Sabina Park, Kingston",Jamaica,Ireland,bat,S Chanderpaul,BF Bowden,IJ Gould,SJA Taufel,BG Jerling,RS Mahanama,West Indies,,8.0,,D/L,,,
247478,6,Australia,South Africa,male,2006/07,2007/03/24,ICC World Cup,22.0,"Warner Park, Basseterre",St Kitts,South Africa,field,ML Hayden,MR Benson,SA Bucknor,EAR de Silva,AL Hill,RS Madugalle,Australia,83.0,,,,,,
247479,6,England,Kenya,male,2006/07,2007/03/24,ICC World Cup,23.0,"Beausejour Stadium, Gros Islet",St Lucia,Kenya,bat,EC Joyce,RE Koertzen,PD Parker,Asad Rauf,BR Doctrove,MJ Procter,England,,7.0,,,,,
247480,6,Bangladesh,Bermuda,male,2006/07,2007/03/25,ICC World Cup,24.0,"Queen's Park Oval, Port of Spain",Trinidad,Bangladesh,field,Mohammad Ashraful,SJ Davis,IL Howell,DJ Harper,Aleem Dar,AG Hurst,Bangladesh,,7.0,,D/L,,,
247481,6,West Indies,Australia,male,2006/07,2007/03/27,ICC World Cup,25.0,"Sir Vivian Richards Stadium, North Sound",Antigua,West Indies,field,ML Hayden,Aleem Dar,Asad Rauf,RE Koertzen,BF Bowden,BC Broad,Australia,103.0,,,,2007/03/28,,
247482,6,South Africa,Sri Lanka,male,2006/07,2007/03/28,ICC World Cup,26.0,Providence Stadium,Guyana,Sri Lanka,bat,CK Langeveldt,SA Bucknor,DJ Harper,SJA Taufel,MR Benson,JJ Crowe,South Africa,,1.0,,,,,SL Malinga
247483,6,West Indies,New Zealand,male,2006/07,2007/03/29,ICC World Cup,27.0,"Sir Vivian Richards Stadium, North Sound",Antigua,New Zealand,field,JDP Oram,Asad Rauf,RE Koertzen,BF Bowden,Aleem Dar,MJ Procter,New Zealand,,7.0,,,,,
247484,6,England,Ireland,male,2006/07,2007/03/30,ICC World Cup,28.0,Providence Stadium,Guyana,England,bat,PD Collingwood,BR Doctrove,SJA Taufel,SA Bucknor,DJ Harper,RS Madugalle,England,48.0,,,,,,
247485,6,Australia,Bangladesh,male,2006/07,2007/03/31,ICC World Cup,29.0,"Sir Vivian Richards Stadium, North Sound",Antigua,Australia,field,GD McGrath,Aleem Dar,BF Bowden,Asad Rauf,RE Koertzen,BC Broad,Australia,,10.0,,,,,
247486,6,West Indies,Sri Lanka,male,2006/07,2007/04/01,ICC World Cup,30.0,Providence Stadium,Guyana,West Indies,field,ST Jayasuriya,MR Benson,DJ Harper,SA Bucknor,SJA Taufel,JJ Crowe,Sri Lanka,113.0,,,,,,
247487,6,Bangladesh,New Zealand,male,2006/07,2007/04/02,ICC World Cup,31.0,"Sir Vivian Richards Stadium, North Sound",Antigua,New Zealand,field,SE Bond,Aleem Dar,RE Koertzen,BF Bowden,Asad Rauf,MJ Procter,New Zealand,,9.0,,,,,
247488,6,Ireland,South Africa,male,2006/07,2007/04/03,ICC World Cup,32.0,Providence Stadium,Guyana,South Africa,field,JH Kallis,DJ Harper,SJA Taufel,BR Doctrove,MR Benson,RS Madugalle,South Africa,,7.0,,D/L,,,
247489,6,England,Sri Lanka,male,2006/07,2007/04/04,ICC World Cup,33.0,"Sir Vivian Richards Stadium, North Sound",Antigua,England,field,RS Bopara,Asad Rauf,BF Bowden,Aleem Dar,RE Koertzen,JJ Crowe,Sri Lanka,2.0,,,,,,
247490,6,Bangladesh,South Africa,male,2006/07,2007/04/07,ICC World Cup,34.0,Providence Stadium,Guyana,South Africa,field,Mohammad Ashraful,MR Benson,BR Doctrove,DJ Harper,SA Bucknor,BC Broad,Bangladesh,67.0,,,,,,
247491,6,Australia,England,male,2006/07,2007/04/08,ICC World Cup,35.0,"Sir Vivian Richards Stadium, North Sound",Antigua,England,bat,SW Tait,BF Bowden,RE Koertzen,NA Malcolm,Asad Rauf,MJ Procter,Australia,,7.0,,,,,
247492,6,Ireland,New Zealand,male,2006/07,2007/04/09,ICC World Cup,36.0,Providence Stadium,Guyana,New Zealand,bat,PG Fulton,SA Bucknor,SJA Taufel,GE Greaves,BR Doctrove,RS Madugalle,New Zealand,129.0,,,,,,
247493,6,West Indies,South Africa,male,2006/07,2007/04/10,ICC World Cup,37.0,"National Cricket Stadium, St George's",Grenada,West Indies,field,AB de Villiers,MR Benson,DJ Harper,Asad Rauf,Aleem Dar,BC Broad,South Africa,67.0,,,,,,
247494,6,Bangladesh,England,male,2006/07,2007/04/11,ICC World Cup,38.0,"Kensington Oval, Bridgetown",Barbados,England,field,SI Mahmood,SA Bucknor,SJA Taufel,BF Bowden,RE Koertzen,JJ Crowe,England,,4.0,,,,,
247495,6,New Zealand,Sri Lanka,male,2006/07,2007/04/12,ICC World Cup,39.0,"National Cricket Stadium, St George's",Grenada,New Zealand,bat,WPUJC Vaas,Asad Rauf,BR Doctrove,MR Benson,Aleem Dar,MJ Procter,Sri Lanka,,6.0,,,,,
247496,6,Australia,Ireland,male,2006/07,2007/04/13,ICC World Cup,40.0,"Kensington Oval, Bridgetown",Barbados,Australia,field,GD McGrath,BF Bowden,RE Koertzen,SJA Taufel,SA Bucknor,RS Madugalle,Australia,,9.0,,,,,
247497,6,New Zealand,South Africa,male,2006/07,2007/04/14,ICC World Cup,41.0,"National Cricket Stadium, St George's",Grenada,New Zealand,field,CD McMillan,MR Benson,DJ Harper,Asad Rauf,BR Doctrove,BC Broad,New Zealand,,5.0,,,,,
247498,6,Bangladesh,Ireland,male,2006/07,2007/04/15,ICC World Cup,42.0,"Kensington Oval, Bridgetown",Barbados,Ireland,bat,WTS Porterfield,BF Bowden,SA Bucknor,RE Koertzen,SJA Taufel,JJ Crowe,Ireland,74.0,,,,,,
247499,6,Australia,Sri Lanka,male,2006/07,2007/04/16,ICC World Cup,43.0,"National Cricket Stadium, St George's",Grenada,Sri Lanka,bat,NW Bracken,Aleem Dar,BR Doctrove,DJ Harper,MR Benson,MJ Procter,Australia,,7.0,,,,,
247500,6,England,South Africa,male,2006/07,2007/04/17,ICC World Cup,44.0,"Kensington Oval, Bridgetown",Barbados,England,bat,AJ Hall,SA Bucknor,SJA Taufel,RE Koertzen,BF Bowden,RS Madugalle,South Africa,,9.0,,,,,
247501,6,Ireland,Sri Lanka,male,2006/07,2007/04/18,ICC World Cup,45.0,"National Cricket Stadium, St George's",Grenada,Sri Lanka,field,MF Maharoof,MR Benson,BR Doctrove,Aleem Dar,DJ Harper,BC Broad,Sri Lanka,,8.0,,,,,
247502,6,West Indies,Bangladesh,male,2006/07,2007/04/19,ICC World Cup,46.0,"Kensington Oval, Bridgetown",Barbados,Bangladesh,field,RR Sarwan,BF Bowden,RE Koertzen,SA Bucknor,SJA Taufel,JJ Crowe,West Indies,99.0,,,,,,
247503,6,Australia,New Zealand,male,2006/07,2007/04/20,ICC World Cup,47.0,"National Cricket Stadium, St George's",Grenada,Australia,bat,ML Hayden,Aleem Dar,Asad Rauf,DJ Harper,BR Doctrove,MJ Procter,Australia,215.0,,,,,,
247504,6,West Indies,England,male,2006/07,2007/04/21,ICC World Cup,48.0,"Kensington Oval, Bridgetown",Barbados,England,field,KP Pietersen,RE Koertzen,SJA Taufel,SA Bucknor,BF Bowden,RS Madugalle,England,,1.0,,,,,
247505,6,New Zealand,Sri Lanka,male,2006/07,2007/04/24,ICC World Cup,,"Sabina Park, Kingston",Jamaica,Sri Lanka,bat,DPMD Jayawardene,RE Koertzen,SJA Taufel,Asad Rauf,DJ Harper,MJ Procter,Sri Lanka,81.0,,,,,,
247506,6,Australia,South Africa,male,2006/07,2007/04/25,ICC World Cup,,"Beausejour Stadium, Gros Islet",St Lucia,South Africa,bat,GD McGrath,Aleem Dar,SA Bucknor,MR Benson,BF Bowden,JJ Crowe,Australia,,7.0,,,,,
247507,6,Australia,Sri Lanka,male,2006/07,2007/04/28,ICC World Cup,,"Kensington Oval, Bridgetown",Barbados,Australia,bat,AC Gilchrist,Aleem Dar,SA Bucknor,BF Bowden,RE Koertzen,JJ Crowe,Australia,53.0,,,D/L,,,
433558,6,Bangladesh,India,male,2010/11,2011/02/19,ICC Cricket World Cup,1.0,Shere Bangla National Stadium,Mirpur,Bangladesh,field,V Sehwag,SJ Davis,HDPK Dharmasena,Asad Rauf,BR Doctrove,RS Madugalle,India,87.0,,,,,,
433559,6,Kenya,New Zealand,male,2010/11,2011/02/20,ICC Cricket World Cup,2.0,"MA Chidambaram Stadium, Chepauk",Chennai,Kenya,bat,HK Bennett,M Erasmus,RJ Tucker,S Asnani,Aleem Dar,RS Mahanama,New Zealand,,10.0,,,,,
433560,6,Sri Lanka,Canada,male,2010/11,2011/02/20,ICC Cricket World Cup,3.0,"Mahinda Rajapaksa International Cricket Stadium, Sooriyawewa",Hambantota,Sri Lanka,bat,DPMD Jayawardene,IJ Gould,SK Tarapore,DJ Harper,AL Hill,BC Broad,Sri Lanka,210.0,,,,,,
433561,6,Australia,Zimbabwe,male,2010/11,2011/02/21,ICC Cricket World Cup,4.0,"Sardar Patel Stadium, Motera",Ahmedabad,Australia,bat,SR Watson,EAR de Silva,RA Kettleborough,SJA Taufel,AM Saheba,RS Mahanama,Australia,91.0,,,,,,
433562,6,England,Netherlands,male,2010/11,2011/02/22,ICC Cricket World Cup,5.0,"Vidarbha Cricket Association Stadium, Jamtha",Nagpur,Netherlands,bat,RN ten Doeschate,Asad Rauf,BNJ Oxenford,SJ Davis,HDPK Dharmasena,RS Madugalle,England,,6.0,,,,,
433563,6,Kenya,Pakistan,male,2010/11,2011/02/23,ICC Cricket World Cup,6.0,"Mahinda Rajapaksa International Cricket Stadium, Sooriyawewa",Hambantota,Pakistan,bat,Umar Akmal,AL Hill,NJ Llong,SK Tarapore,DJ Harper,BC Broad,Pakistan,205.0,,,,,,
433564,6,South Africa,West Indies,male,2010/11,2011/02/24,ICC Cricket World Cup,7.0,Feroz Shah Kotla,Delhi,South Africa,field,AB de Villiers,AM Saheba,SJA Taufel,RA Kettleborough,EAR de Silva,JJ Crowe,South Africa,,7.0,,,,,
433565,6,Australia,New Zealand,male,2010/11,2011/02/25,ICC Cricket World Cup,8.0,"Vidarbha Cricket Association Stadium, Jamtha",Nagpur,Australia,field,MG Johnson,HDPK Dharmasena,BR Doctrove,BNJ Oxenford,Asad Rauf,RS Madugalle,Australia,,7.0,,,,,
433566,6,Bangladesh,Ireland,male,2010/11,2011/02/25,ICC Cricket World Cup,9.0,Shere Bangla National Stadium,Mirpur,Bangladesh,bat,Tamim Iqbal,Aleem Dar,RJ Tucker,M Erasmus,BF Bowden,RS Mahanama,Bangladesh,27.0,,,,,,
433567,6,Sri Lanka,Pakistan,male,2010/11,2011/02/26,ICC Cricket World Cup,10.0,R Premadasa Stadium,Colombo,Pakistan,bat,Shahid Afridi,IJ Gould,DJ Harper,AL Hill,NJ Llong,BC Broad,Pakistan,11.0,,,,,,
433568,6,India,England,male,2010/11,2011/02/27,ICC Cricket World Cup,11.0,M Chinnaswamy Stadium,Bangalore,India,bat,AJ Strauss,BF Bowden,M Erasmus,Aleem Dar,RJ Tucker,RS Mahanama,,,,tie,,,,
433569,6,Netherlands,West Indies,male,2010/11,2011/02/28,ICC Cricket World Cup,13.0,Feroz Shah Kotla,Delhi,Netherlands,field,KAJ Roach,AM Saheba,SJA Taufel,EAR de Silva,RA Kettleborough,JJ Crowe,West Indies,215.0,,,,,,
433570,6,Canada,Zimbabwe,male,2010/11,2011/02/28,ICC Cricket World Cup,12.0,"Vidarbha Cricket Association Stadium, Jamtha",Nagpur,Zimbabwe,bat,T Taibu,Asad Rauf,BNJ Oxenford,BR Doctrove,SJ Davis,RS Madugalle,Zimbabwe,175.0,,,,,,
433571,6,Sri Lanka,Kenya,male,2010/11,2011/03/01,ICC Cricket World Cup,14.0,R Premadasa Stadium,Colombo,Kenya,bat,SL Malinga,AL Hill,SK Tarapore,DJ Harper,IJ Gould,BC Broad,Sri Lanka,,9.0,,,,,
433572,6,England,Ireland,male,2010/11,2011/03/02,ICC Cricket World Cup,15.0,M Chinnaswamy Stadium,Bangalore,England,bat,KJ O'Brien,Aleem Dar,BF Bowden,RJ Tucker,M Erasmus,RS Mahanama,Ireland,,3.0,,,,,
433573,6,Netherlands,South Africa,male,2010/11,2011/03/03,ICC Cricket World Cup,16.0,"Punjab Cricket Association Stadium, Mohali",Chandigarh,Netherlands,field,AB de Villiers,EAR de Silva,RA Kettleborough,AM Saheba,SJA Taufel,JJ Crowe,South Africa,231.0,,,,,,
433574,6,Canada,Pakistan,male,2010/11,2011/03/03,ICC Cricket World Cup,17.0,R Premadasa Stadium,Colombo,Pakistan,bat,Shahid Afridi,DJ Harper,NJ Llong,IJ Gould,AL Hill,BC Broad,Pakistan,46.0,,,,,,
433575,6,New Zealand,Zimbabwe,male,2010/11,2011/03/04,ICC Cricket World Cup,18.0,"Sardar Patel Stadium, Motera",Ahmedabad,Zimbabwe,bat,MJ Guptill,Aleem Dar,M Erasmus,BF Bowden,RJ Tucker,RS Mahanama,New Zealand,,10.0,,,,,
433576,6,Bangladesh,West Indies,male,2010/11,2011/03/04,ICC Cricket World Cup,19.0,Shere Bangla National Stadium,Mirpur,Bangladesh,bat,KAJ Roach,SJ Davis,HDPK Dharmasena,BNJ Oxenford,Asad Rauf,RS Madugalle,West Indies,,9.0,,,,,
433577,6,Sri Lanka,Australia,male,2010/11,2011/03/05,ICC Cricket World Cup,20.0,R Premadasa Stadium,Colombo,Sri Lanka,bat,,IJ Gould,AL Hill,NJ Llong,SK Tarapore,BC Broad,,,,no result,,,,
433578,6,India,Ireland,male,2010/11,2011/03/06,ICC Cricket World Cup,22.0,M Chinnaswamy Stadium,Bangalore,India,field,Yuvraj Singh,BF Bowden,RJ Tucker,Aleem Dar,M Erasmus,RS Mahanama,India,,5.0,,,,,
433579,6,England,South Africa,male,2010/11,2011/03/06,ICC Cricket World Cup,21.0,"MA Chidambaram Stadium, Chepauk",Chennai,England,bat,RS Bopara,AM Saheba,SJA Taufel,RA Kettleborough,EAR de Silva,JJ Crowe,England,6.0,,,,,,
433580,6,Canada,Kenya,male,2010/11,2011/03/07,ICC Cricket World Cup,23.0,Feroz Shah Kotla,Delhi,Kenya,bat,H Osinde,Asad Rauf,BR Doctrove,SJ Davis,BNJ Oxenford,RS Madugalle,Canada,,5.0,,,,,
433581,6,New Zealand,Pakistan,male,2010/11,2011/03/08,ICC Cricket World Cup,24.0,Pallekele International Cricket Stadium,,New Zealand,bat,LRPL Taylor,DJ Harper,NJ Llong,SK Tarapore,IJ Gould,BC Broad,New Zealand,110.0,,,,,,
433582,6,India,Netherlands,male,2010/11,2011/03/09,ICC Cricket World Cup,25.0,Feroz Shah Kotla,Delhi,Netherlands,bat,Yuvraj Singh,SJ Davis,BNJ Oxenford,HDPK Dharmasena,BR Doctrove,RS Madugalle,India,,5.0,,,,,
433583,6,Sri Lanka,Zimbabwe,male,2010/11,2011/03/10,ICC Cricket World Cup,26.0,Pallekele International Cricket Stadium,,Zimbabwe,field,TM Dilshan,M Erasmus,NJ Llong,REJ Martinesz,AL Hill,BC Broad,Sri Lanka,139.0,,,,,,
433584,6,Ireland,West Indies,male,2010/11,2011/03/11,ICC Cricket World Cup,27.0,"Punjab Cricket Association Stadium, Mohali",Chandigarh,Ireland,field,KA Pollard,EAR de Silva,SK Tarapore,SJ Davis,BNJ Oxenford,RS Mahanama,West Indies,44.0,,,,,,
433585,6,Bangladesh,England,male,2010/11,2011/03/11,ICC Cricket World Cup,28.0,Zahur Ahmed Chowdhury Stadium,Chittagong,Bangladesh,field,Imrul Kayes,DJ Harper,RJ Tucker,Enamul Haque,Aleem Dar,JJ Crowe,Bangladesh,,2.0,,,,,
433586,6,India,South Africa,male,2010/11,2011/03/12,ICC Cricket World Cup,29.0,"Vidarbha Cricket Association Stadium, Jamtha",Nagpur,India,bat,DW Steyn,IJ Gould,SJA Taufel,HDPK Dharmasena,BR Doctrove,RS Madugalle,South Africa,,3.0,,,,,
433587,6,Canada,New Zealand,male,2010/11,2011/03/13,ICC Cricket World Cup,30.0,Wankhede Stadium,Mumbai,Canada,field,BB McCullum,BNJ Oxenford,SK Tarapore,EAR de Silva,SJ Davis,RS Mahanama,New Zealand,97.0,,,,,,
433588,6,Australia,Kenya,male,2010/11,2011/03/13,ICC Cricket World Cup,31.0,M Chinnaswamy Stadium,Bangalore,Australia,bat,CO Obuya,Asad Rauf,RA Kettleborough,AM Saheba,BF Bowden,AJ Pycroft,Australia,60.0,,,,,,
433589,6,Pakistan,Zimbabwe,male,2010/11,2011/03/14,ICC Cricket World Cup,33.0,Pallekele International Cricket Stadium,,Zimbabwe,bat,Umar Gul,AL Hill,NJ Llong,REJ Martinesz,M Erasmus,BC Broad,Pakistan,,7.0,,D/L,,,
433590,6,Bangladesh,Netherlands,male,2010/11,2011/03/14,ICC Cricket World Cup,32.0,Zahur Ahmed Chowdhury Stadium,Chittagong,Netherlands,bat,Imrul Kayes,Aleem Dar,RJ Tucker,Enamul Haque,DJ Harper,JJ Crowe,Bangladesh,,6.0,,,,,
433591,6,Ireland,South Africa,male,2010/11,2011/03/15,ICC Cricket World Cup,34.0,Eden Gardens,Kolkata,Ireland,field,JP Duminy,HDPK Dharmasena,BR Doctrove,IJ Gould,SJA Taufel,RS Madugalle,South Africa,131.0,,,,,,
433592,6,Australia,Canada,male,2010/11,2011/03/16,ICC Cricket World Cup,35.0,M Chinnaswamy Stadium,Bangalore,Canada,bat,SR Watson,BF Bowden,AM Saheba,Asad Rauf,RA Kettleborough,AJ Pycroft,Australia,,7.0,,,,,
433593,6,England,West Indies,male,2010/11,2011/03/17,ICC Cricket World Cup,36.0,"MA Chidambaram Stadium, Chepauk",Chennai,England,bat,JC Tredwell,SJ Davis,BNJ Oxenford,SK Tarapore,SJA Taufel,RS Mahanama,England,18.0,,,,,,
433594,6,New Zealand,Sri Lanka,male,2010/11,2011/03/18,ICC Cricket World Cup,38.0,Wankhede Stadium,Mumbai,Sri Lanka,bat,KC Sangakkara,Asad Rauf,RA Kettleborough,BF Bowden,AM Saheba,AJ Pycroft,Sri Lanka,112.0,,,,,,
433595,6,Ireland,Netherlands,male,2010/11,2011/03/18,ICC Cricket World Cup,37.0,Eden Gardens,Kolkata,Ireland,field,PR Stirling,BR Doctrove,IJ Gould,EAR de Silva,HDPK Dharmasena,RS Madugalle,Ireland,,6.0,,,,,
433596,6,Australia,Pakistan,male,2010/11,2011/03/19,ICC Cricket World Cup,40.0,R Premadasa Stadium,Colombo,Australia,bat,Umar Akmal,M Erasmus,AL Hill,TH Wijewardene,NJ Llong,BC Broad,Pakistan,,4.0,,,,,
433597,6,Bangladesh,South Africa,male,2010/11,2011/03/19,ICC Cricket World Cup,39.0,Shere Bangla National Stadium,Mirpur,South Africa,bat,LL Tsotsobe,Aleem Dar,DJ Harper,Enamul Haque,RJ Tucker,JJ Crowe,South Africa,206.0,,,,,,
433598,6,Kenya,Zimbabwe,male,2010/11,2011/03/20,ICC Cricket World Cup,41.0,Eden Gardens,Kolkata,Zimbabwe,bat,CR Ervine,EAR de Silva,HDPK Dharmasena,BR Doctrove,IJ Gould,RS Madugalle,Zimbabwe,161.0,,,,,,
433599,6,India,West Indies,male,2010/11,2011/03/20,ICC Cricket World Cup,42.0,"MA Chidambaram Stadium, Chepauk",Chennai,India,bat,Yuvraj Singh,SJ Davis,SJA Taufel,SK Tarapore,BNJ Oxenford,RS Mahanama,India,80.0,,,,,,
433600,6,Pakistan,West Indies,male,2010/11,2011/03/23,ICC Cricket World Cup,,Shere Bangla National Stadium,Mirpur,West Indies,bat,Mohammad Hafeez,BF Bowden,SJ Davis,BNJ Oxenford,DJ Harper,BC Broad,Pakistan,,10.0,,,,,
433601,6,India,Australia,male,2010/11,2011/03/24,ICC Cricket World Cup,,"Sardar Patel Stadium, Motera",Ahmedabad,Australia,bat,Yuvraj Singh,M Erasmus,IJ Gould,Asad Rauf,RA Kettleborough,RS Madugalle,India,,5.0,,,,,
433602,6,New Zealand,South Africa,male,2010/11,2011/03/25,ICC Cricket World Cup,,Shere Bangla National Stadium,Mirpur,New Zealand,bat,JDP Oram,Aleem Dar,RJ Tucker,NJ Llong,HDPK Dharmasena,RS Mahanama,New Zealand,49.0,,,,,,
433603,6,Sri Lanka,England,male,2010/11,2011/03/26,ICC Cricket World Cup,,R Premadasa Stadium,Colombo,England,bat,TM Dilshan,BR Doctrove,SJA Taufel,SK Tarapore,AL Hill,JJ Crowe,Sri Lanka,,10.0,,,,,
433604,6,Sri Lanka,New Zealand,male,2010/11,2011/03/29,ICC Cricket World Cup,,R Premadasa Stadium,Colombo,New Zealand,bat,KC Sangakkara,Aleem Dar,SJ Davis,BR Doctrove,M Erasmus,BC Broad,Sri Lanka,,5.0,,,,,
433605,6,India,Pakistan,male,2010/11,2011/03/30,ICC Cricket World Cup,,"Punjab Cricket Association Stadium, Mohali",Chandigarh,India,bat,SR Tendulkar,IJ Gould,SJA Taufel,RJ Tucker,BF Bowden,RS Madugalle,India,29.0,,,,,,
433606,6,India,Sri Lanka,male,2010/11,2011/04/02,ICC Cricket World Cup,,Wankhede Stadium,Mumbai,Sri Lanka,bat,MS Dhoni,Aleem Dar,SJA Taufel,SJ Davis,IJ Gould,JJ Crowe,India,,6.0,,,,,
65235,6,West Indies,South Africa,male,2002/03,2003/02/09,ICC World Cup,1.0,"Newlands, Cape Town",Cape Town,West Indies,bat,BC Lara,DJ Harper,S Venkataraghavan,,P Willey,RS Madugalle,West Indies,3.0,,,,,,
65236,6,Zimbabwe,Namibia,male,2002/03,2003/02/10,ICC World Cup,2.0,Harare Sports Club,Harare,Namibia,field,CB Wishart,DL Orchard,SJA Taufel,,DB Hair,Wasim Raja,Zimbabwe,86.0,,,D/L,,,
65237,6,Sri Lanka,New Zealand,male,2002/03,2003/02/10,ICC World Cup,3.0,"Goodyear Park, Bloemfontein",Bloemfontein,New Zealand,field,ST Jayasuriya,NA Mallender,SA Bucknor,,RB Tiffin,MJ Procter,Sri Lanka,47.0,,,,,,
65238,6,Australia,Pakistan,male,2002/03,2003/02/11,ICC World Cup,4.0,"New Wanderers Stadium, Johannesburg",Johannesburg,Pakistan,field,A Symonds,EAR de Silva,DR Shepherd,,BF Bowden,CH Lloyd,Australia,82.0,,,,,,
65239,6,Canada,Bangladesh,male,2002/03,2003/02/11,ICC World Cup,5.0,"Kingsmead, Durban",Durban,Canada,bat,A Codrington,Aleem Dar,BG Jerling,,AV Jayaprakash,GR Viswanath,Canada,60.0,,,,,,
65240,6,Kenya,South Africa,male,2002/03,2003/02/12,ICC World Cup,6.0,"North West Cricket Stadium, Potchefstroom",Potchefstroom,Kenya,bat,L Klusener,KC Barbour,TH Wijewardene,,NA Mallender,RS Madugalle,South Africa,,10.0,,,,,
65241,6,India,Netherlands,male,2002/03,2003/02/12,ICC World Cup,7.0,"Boland Bank Park, Paarl",Paarl,India,bat,TBM de Leede,DJ Harper,P Willey,,Nadeem Ghauri,DT Lindsay,India,68.0,,,,,,
65242,6,New Zealand,West Indies,male,2002/03,2003/02/13,ICC World Cup,9.0,"St George's Park, Port Elizabeth",Gqeberha,West Indies,field,AR Adams,DB Hair,RE Koertzen,,S Venkataraghavan,MJ Procter,New Zealand,20.0,,,,,,
65244,6,India,Australia,male,2002/03,2003/02/15,ICC World Cup,11.0,"SuperSport Park, Centurion",Centurion,India,bat,JN Gillespie,EAR de Silva,DR Shepherd,,BG Jerling,CH Lloyd,Australia,,9.0,,,,,
65245,6,Canada,Kenya,male,2002/03,2003/02/15,ICC World Cup,12.0,"Newlands, Cape Town",Cape Town,Canada,bat,TM Odoyo,AV Jayaprakash,Nadeem Ghauri,,KC Barbour,RS Madugalle,Kenya,,4.0,,,,,
65246,6,Netherlands,England,male,2002/03,2003/02/16,ICC World Cup,13.0,"Buffalo Park, East London",East London,England,field,JM Anderson,DB Hair,RE Koertzen,,TH Wijewardene,MJ Procter,England,,6.0,,,,,
65247,6,Pakistan,Namibia,male,2002/03,2003/02/16,ICC World Cup,14.0,"De Beers Diamond Oval, Kimberley",Kimberley,Pakistan,bat,Wasim Akram,DL Orchard,NA Mallender,,SJA Taufel,DT Lindsay,Pakistan,171.0,,,,,,
65248,6,South Africa,New Zealand,male,2002/03,2003/02/16,ICC World Cup,15.0,"New Wanderers Stadium, Johannesburg",Johannesburg,South Africa,bat,SP Fleming,P Willey,SA Bucknor,,DJ Harper,Wasim Raja,New Zealand,,9.0,,D/L,,,
65249,6,West Indies,Bangladesh,male,2002/03,2003/02/18,ICC World Cup,16.0,"Willowmoore Park, Benoni",Benoni,Bangladesh,field,,BG Jerling,RB Tiffin,,BF Bowden,GR Viswanath,,,,no result,,,,
65250,6,India,Zimbabwe,male,2002/03,2003/02/19,ICC World Cup,17.0,Harare Sports Club,Harare,Zimbabwe,field,SR Tendulkar,EAR de Silva,RE Koertzen,,DB Hair,CH Lloyd,India,83.0,,,,,,
65251,6,Canada,Sri Lanka,male,2002/03,2003/02/19,ICC World Cup,18.0,"Boland Bank Park, Paarl",Paarl,Sri Lanka,field,RAP Nissanka,DR Shepherd,NA Mallender,,KC Barbour,Wasim Raja,Sri Lanka,,9.0,,,,,
65252,6,England,Namibia,male,2002/03,2003/02/19,ICC World Cup,19.0,"St George's Park, Port Elizabeth",Gqeberha,Namibia,field,AJ Burger,SJA Taufel,S Venkataraghavan,,Nadeem Ghauri,MJ Procter,England,55.0,,,,,,
65254,6,Bangladesh,South Africa,male,2002/03,2003/02/22,ICC World Cup,22.0,"Goodyear Park, Bloemfontein",Bloemfontein,South Africa,field,M Ntini,BF Bowden,S Venkataraghavan,,TH Wijewardene,CH Lloyd,South Africa,,10.0,,,,,
65255,6,England,Pakistan,male,2002/03,2003/02/22,ICC World Cup,23.0,"Newlands, Cape Town",Cape Town,England,bat,JM Anderson,BG Jerling,RE Koertzen,,SA Bucknor,MJ Procter,England,112.0,,,,,,
65256,6,Canada,West Indies,male,2002/03,2003/02/23,ICC World Cup,24.0,"SuperSport Park, Centurion",Centurion,West Indies,field,JM Davison,EAR de Silva,DB Hair,,Nadeem Ghauri,RS Madugalle,West Indies,,7.0,,,,,
65257,6,India,Namibia,male,2002/03,2003/02/23,ICC World Cup,25.0,"City Oval, Pietermaritzburg",Pietermaritzburg,Namibia,field,SR Tendulkar,Aleem Dar,DR Shepherd,,KC Barbour,Wasim Raja,India,181.0,,,,,,
65258,6,Kenya,Sri Lanka,male,2002/03,2003/02/24,ICC World Cup,26.0,"Gymkhana Club Ground, Nairobi",Nairobi,Sri Lanka,field,CO Obuya,DJ Harper,RB Tiffin,,AV Jayaprakash,DT Lindsay,Kenya,53.0,,,,,,
65259,6,Zimbabwe,Australia,male,2002/03,2003/02/24,ICC World Cup,27.0,"Queens Sports Club, Bulawayo",Bulawayo,Zimbabwe,bat,AM Blignaut,BF Bowden,DL Orchard,,BG Jerling,GR Viswanath,Australia,,7.0,,,,,
65260,6,Pakistan,Netherlands,male,2002/03,2003/02/25,ICC World Cup,28.0,"Boland Bank Park, Paarl",Paarl,Netherlands,field,Yousuf Youhana,S Venkataraghavan,SA Bucknor,,TH Wijewardene,CH Lloyd,Pakistan,97.0,,,,,,
65261,6,Bangladesh,New Zealand,male,2002/03,2003/02/26,ICC World Cup,29.0,"De Beers Diamond Oval, Kimberley",Kimberley,Bangladesh,bat,CD McMillan,DB Hair,DR Shepherd,,BG Jerling,MJ Procter,New Zealand,,7.0,,,,,
65262,6,India,England,male,2002/03,2003/02/26,ICC World Cup,30.0,"Kingsmead, Durban",Durban,India,bat,A Nehra,RE Koertzen,SJA Taufel,,EAR de Silva,RS Madugalle,India,82.0,,,,,,
65263,6,Australia,Namibia,male,2002/03,2003/02/27,ICC World Cup,31.0,"North West Cricket Stadium, Potchefstroom",Potchefstroom,Australia,bat,GD McGrath,BF Bowden,RB Tiffin,,NA Mallender,GR Viswanath,Australia,256.0,,,,,,
65264,6,South Africa,Canada,male,2002/03,2003/02/27,ICC World Cup,32.0,"Buffalo Park, East London",East London,Canada,field,HH Dippenaar,DJ Harper,KC Barbour,,Aleem Dar,Wasim Raja,South Africa,118.0,,,,,,
65265,6,Zimbabwe,Netherlands,male,2002/03,2003/02/28,ICC World Cup,33.0,"Queens Sports Club, Bulawayo",Bulawayo,Netherlands,field,HH Streak,SA Bucknor,TH Wijewardene,,Nadeem Ghauri,CH Lloyd,Zimbabwe,99.0,,,,,,
65266,6,Sri Lanka,West Indies,male,2002/03,2003/02/28,ICC World Cup,34.0,"Newlands, Cape Town",Cape Town,Sri Lanka,bat,WPUJC Vaas,DL Orchard,S Venkataraghavan,,BG Jerling,DT Lindsay,Sri Lanka,6.0,,,,,,
65267,6,Kenya,Bangladesh,male,2002/03,2003/03/01,ICC World Cup,35.0,"New Wanderers Stadium, Johannesburg",Johannesburg,Kenya,bat,MO Odumbe,EAR de Silva,NA Mallender,,SJA Taufel,RS Madugalle,Kenya,32.0,,,,,,
65268,6,Pakistan,India,male,2002/03,2003/03/01,ICC World Cup,36.0,"SuperSport Park, Centurion",Centurion,Pakistan,bat,SR Tendulkar,DR Shepherd,RE Koertzen,,BF Bowden,MJ Procter,India,,6.0,,,,,
65269,6,England,Australia,male,2002/03,2003/03/02,ICC World Cup,37.0,"St George's Park, Port Elizabeth",Gqeberha,England,bat,AJ Bichel,Aleem Dar,RB Tiffin,,DL Orchard,Wasim Raja,Australia,,2.0,,,,,
65270,6,Canada,New Zealand,male,2002/03,2003/03/03,ICC World Cup,38.0,"Willowmoore Park, Benoni",Benoni,New Zealand,field,JM Davison,AV Jayaprakash,BG Jerling,,TH Wijewardene,DT Lindsay,New Zealand,,5.0,,,,,
65271,6,Netherlands,Namibia,male,2002/03,2003/03/03,ICC World Cup,39.0,"Goodyear Park, Bloemfontein",Bloemfontein,Netherlands,bat,JF Kloppenburg,DJ Harper,Nadeem Ghauri,,DB Hair,GR Viswanath,Netherlands,64.0,,,,,,
65272,6,Sri Lanka,South Africa,male,2002/03,2003/03/03,ICC World Cup,40.0,"Kingsmead, Durban",Durban,Sri Lanka,bat,MS Atapattu,S Venkataraghavan,SA Bucknor,,P Willey,CH Lloyd,,,,tie,D/L,,,
65273,6,Pakistan,Zimbabwe,male,2002/03,2003/03/04,ICC World Cup,41.0,"Queens Sports Club, Bulawayo",Bulawayo,Pakistan,bat,,EAR de Silva,BF Bowden,,RE Koertzen,RS Madugalle,,,,no result,,,,
65275,6,Australia,Sri Lanka,male,2002/03,2003/03/07,ICC World Cup,,"SuperSport Park, Centurion",Centurion,Australia,bat,RT Ponting,BF Bowden,DR Shepherd,,BG Jerling,MJ Procter,Australia,96.0,,,,,,
65276,6,Kenya,India,male,2002/03,2003/03/07,ICC World Cup,,"Newlands, Cape Town",Cape Town,Kenya,bat,SC Ganguly,DJ Harper,P Willey,,SJA Taufel,Wasim Raja,India,,6.0,,,,,
65277,6,Zimbabwe,New Zealand,male,2002/03,2003/03/08,ICC World Cup,,"Goodyear Park, Bloemfontein",Bloemfontein,Zimbabwe,bat,NJ Astle,DB Hair,RE Koertzen,,EAR de Silva,GR Viswanath,New Zealand,,6.0,,,,,
65278,6,India,Sri Lanka,male,2002/03,2003/03/10,ICC World Cup,,"New Wanderers Stadium, Johannesburg",Johannesburg,Sri Lanka,field,J Srinath,DR Shepherd,SJA Taufel,,DJ Harper,CH Lloyd,India,183.0,,,,,,
65279,6,Australia,New Zealand,male,2002/03,2003/03/11,ICC World Cup,,"St George's Park, Port Elizabeth",Gqeberha,New Zealand,field,SE Bond,EAR de Silva,SA Bucknor,,BG Jerling,RS Madugalle,Australia,96.0,,,,,,
65280,6,Zimbabwe,Kenya,male,2002/03,2003/03/12,ICC World Cup,,"Goodyear Park, Bloemfontein",Bloemfontein,Zimbabwe,bat,MA Suji,Aleem Dar,S Venkataraghavan,,BF Bowden,Wasim Raja,Kenya,,7.0,,,,,
65281,6,New Zealand,India,male,2002/03,2003/03/14,ICC World Cup,,"SuperSport Park, Centurion",Centurion,India,field,Z Khan,DJ Harper,P Willey,,DB Hair,RS Madugalle,India,,7.0,,,,,
65282,6,Sri Lanka,Zimbabwe,male,2002/03,2003/03/15,ICC World Cup,,"Buffalo Park, East London",East London,Sri Lanka,bat,MS Atapattu,BG Jerling,RE Koertzen,,S Venkataraghavan,CH Lloyd,Sri Lanka,74.0,,,,,,
65283,6,Kenya,Australia,male,2002/03,2003/03/15,ICC World Cup,,"Kingsmead, Durban",Durban,Australia,field,AY Karim,BF Bowden,SA Bucknor,,EAR de Silva,MJ Procter,Australia,,5.0,,,,,
65284,6,Australia,Sri Lanka,male,2002/03,2003/03/18,ICC World Cup,,"St George's Park, Port Elizabeth",Gqeberha,Australia,bat,A Symonds,DR Shepherd,RE Koertzen,,BF Bowden,CH Lloyd,Australia,48.0,,,D/L,,,
65285,6,India,Kenya,male,2002/03,2003/03/20,ICC World Cup,,"Kingsmead, Durban",Durban,India,bat,SC Ganguly,DJ Harper,SA Bucknor,,SJA Taufel,MJ Procter,India,91.0,,,,,,
65286,6,Australia,India,male,2002/03,2003/03/23,ICC World Cup,,"New Wanderers Stadium, Johannesburg",Johannesburg,India,field,RT Ponting,DR Shepherd,SA Bucknor,,RE Koertzen,RS Madugalle,Australia,125.0,,,,,,
656399,6,New Zealand,Sri Lanka,male,2014/15,2015/02/14,ICC Cricket World Cup,1.0,Hagley Oval,Christchurch,Sri Lanka,field,CJ Anderson,M Erasmus,NJ Llong,SD Fry,S Ravi,DC Boon,New Zealand,98.0,,,,,,
656401,6,Australia,England,male,2014/15,2015/02/14,ICC Cricket World Cup,2.0,Melbourne Cricket Ground,,England,field,AJ Finch,Aleem Dar,HDPK Dharmasena,JS Wilson,BF Bowden,JJ Crowe,Australia,111.0,,,,,,
656403,6,South Africa,Zimbabwe,male,2014/15,2015/02/15,ICC Cricket World Cup,3.0,Seddon Park,Hamilton,Zimbabwe,field,DA Miller,REJ Martinesz,RJ Tucker,RSA Palliyaguruge,PR Reiffel,RS Mahanama,South Africa,62.0,,,,,,
656405,6,India,Pakistan,male,2014/15,2015/02/15,ICC Cricket World Cup,4.0,Adelaide Oval,,India,bat,V Kohli,IJ Gould,RA Kettleborough,MA Gough,SJ Davis,RS Madugalle,India,76.0,,,,,,
656407,6,Ireland,West Indies,male,2014/15,2015/02/16,ICC Cricket World Cup,5.0,Saxton Oval,Nelson,Ireland,field,PR Stirling,RK Illingworth,BNJ Oxenford,JD Cloete,CB Gaffaney,BC Broad,Ireland,,4.0,,,,,
656409,6,New Zealand,Scotland,male,2014/15,2015/02/17,ICC Cricket World Cup,6.0,University Oval,Dunedin,New Zealand,field,TA Boult,SD Fry,NJ Llong,S Ravi,M Erasmus,DC Boon,New Zealand,,3.0,,,,,
656413,6,United Arab Emirates,Zimbabwe,male,2014/15,2015/02/19,ICC Cricket World Cup,8.0,Saxton Oval,Nelson,Zimbabwe,field,SC Williams,JD Cloete,CB Gaffaney,REJ Martinesz,RK Illingworth,BC Broad,Zimbabwe,,4.0,,,,,
656415,6,New Zealand,England,male,2014/15,2015/02/20,ICC Cricket World Cup,9.0,Westpac Stadium,Wellington,England,bat,TG Southee,PR Reiffel,RJ Tucker,RSA Palliyaguruge,BNJ Oxenford,RS Mahanama,New Zealand,,8.0,,,,,
656417,6,Pakistan,West Indies,male,2014/15,2015/02/21,ICC Cricket World Cup,10.0,Hagley Oval,Christchurch,Pakistan,field,AD Russell,M Erasmus,NJ Llong,SD Fry,S Ravi,DC Boon,West Indies,150.0,,,,,,
656423,6,India,South Africa,male,2014/15,2015/02/22,ICC Cricket World Cup,13.0,Melbourne Cricket Ground,,India,bat,S Dhawan,Aleem Dar,RA Kettleborough,JS Wilson,SJ Davis,JJ Crowe,India,130.0,,,,,,
656425,6,England,Scotland,male,2014/15,2015/02/23,ICC Cricket World Cup,14.0,Hagley Oval,Christchurch,Scotland,field,MM Ali,S Ravi,RJ Tucker,PR Reiffel,M Erasmus,DC Boon,England,119.0,,,,,,
656427,6,West Indies,Zimbabwe,male,2014/15,2015/02/24,ICC Cricket World Cup,15.0,Manuka Oval,Canberra,West Indies,bat,CH Gayle,SJ Davis,IJ Gould,RA Kettleborough,REJ Martinesz,RS Mahanama,West Indies,73.0,,,D/L,,,
656429,6,Ireland,United Arab Emirates,male,2014/15,2015/02/25,ICC Cricket World Cup,16.0,"Brisbane Cricket Ground, Woolloongabba",Brisbane,Ireland,field,GC Wilson,MA Gough,NJ Llong,BF Bowden,HDPK Dharmasena,RS Madugalle,Ireland,,2.0,,,,,
656433,6,Bangladesh,Sri Lanka,male,2014/15,2015/02/26,ICC Cricket World Cup,18.0,Melbourne Cricket Ground,,Sri Lanka,bat,TM Dilshan,Aleem Dar,PR Reiffel,JS Wilson,RA Kettleborough,JJ Crowe,Sri Lanka,92.0,,,,,,
656435,6,South Africa,West Indies,male,2014/15,2015/02/27,ICC Cricket World Cup,19.0,Sydney Cricket Ground,,South Africa,bat,AB de Villiers,SJ Davis,IJ Gould,Aleem Dar,REJ Martinesz,RS Mahanama,South Africa,257.0,,,,,,
656437,6,New Zealand,Australia,male,2014/15,2015/02/28,ICC Cricket World Cup,20.0,Eden Park,Auckland,Australia,bat,TA Boult,M Erasmus,RK Illingworth,JD Cloete,S Ravi,BC Broad,New Zealand,,1.0,,,,,
656439,6,India,United Arab Emirates,male,2014/15,2015/02/28,ICC Cricket World Cup,21.0,Western Australia Cricket Association Ground,Perth,United Arab Emirates,bat,R Ashwin,BF Bowden,MA Gough,HDPK Dharmasena,NJ Llong,RS Madugalle,India,,9.0,,,,,
656441,6,England,Sri Lanka,male,2014/15,2015/03/01,ICC Cricket World Cup,22.0,Westpac Stadium,Wellington,England,bat,KC Sangakkara,BNJ Oxenford,RJ Tucker,SD Fry,CB Gaffaney,DC Boon,Sri Lanka,,9.0,,,,,
656443,6,Pakistan,Zimbabwe,male,2014/15,2015/03/01,ICC Cricket World Cup,23.0,"Brisbane Cricket Ground, Woolloongabba",Brisbane,Pakistan,bat,Wahab Riaz,RA Kettleborough,JS Wilson,RSA Palliyaguruge,PR Reiffel,JJ Crowe,Pakistan,20.0,,,,,,
656445,6,Ireland,South Africa,male,2014/15,2015/03/03,ICC Cricket World Cup,24.0,Manuka Oval,Canberra,South Africa,bat,HM Amla,SJ Davis,REJ Martinesz,Aleem Dar,IJ Gould,RS Mahanama,South Africa,201.0,,,,,,
656447,6,Pakistan,United Arab Emirates,male,2014/15,2015/03/04,ICC Cricket World Cup,25.0,McLean Park,Napier,United Arab Emirates,field,Ahmed Shehzad,JD Cloete,S Ravi,M Erasmus,RK Illingworth,BC Broad,Pakistan,129.0,,,,,,
656451,6,Bangladesh,Scotland,male,2014/15,2015/03/05,ICC Cricket World Cup,27.0,Saxton Oval,Nelson,Bangladesh,field,KJ Coetzer,SD Fry,BNJ Oxenford,CB Gaffaney,RJ Tucker,DC Boon,Bangladesh,,6.0,,,,,
656453,6,India,West Indies,male,2014/15,2015/03/06,ICC Cricket World Cup,28.0,Western Australia Cricket Association Ground,Perth,West Indies,bat,Mohammed Shami,HDPK Dharmasena,NJ Llong,MA Gough,BF Bowden,RS Madugalle,India,,4.0,,,,,
656455,6,Pakistan,South Africa,male,2014/15,2015/03/07,ICC Cricket World Cup,29.0,Eden Park,Auckland,South Africa,field,Sarfraz Ahmed,RA Kettleborough,BNJ Oxenford,S Ravi,CB Gaffaney,BC Broad,Pakistan,29.0,,,D/L,,,
656457,6,Ireland,Zimbabwe,male,2014/15,2015/03/07,ICC Cricket World Cup,30.0,Bellerive Oval,Hobart,Zimbabwe,field,EC Joyce,RSA Palliyaguruge,PR Reiffel,REJ Martinesz,JS Wilson,RS Mahanama,Ireland,5.0,,,,,,
656461,6,Australia,Sri Lanka,male,2014/15,2015/03/08,ICC Cricket World Cup,32.0,Sydney Cricket Ground,,Australia,bat,GJ Maxwell,Aleem Dar,IJ Gould,MA Gough,RK Illingworth,JJ Crowe,Australia,64.0,,,,,,
656463,6,Bangladesh,England,male,2014/15,2015/03/09,ICC Cricket World Cup,33.0,Adelaide Oval,,England,field,Mahmudullah,BF Bowden,PR Reiffel,REJ Martinesz,SD Fry,RS Madugalle,Bangladesh,15.0,,,,,,
656465,6,India,Ireland,male,2014/15,2015/03/10,ICC Cricket World Cup,34.0,Seddon Park,Hamilton,Ireland,bat,S Dhawan,HDPK Dharmasena,RA Kettleborough,NJ Llong,JD Cloete,BC Broad,India,,8.0,,,,,
656467,6,Scotland,Sri Lanka,male,2014/15,2015/03/11,ICC Cricket World Cup,35.0,Bellerive Oval,Hobart,Sri Lanka,bat,KC Sangakkara,RK Illingworth,JS Wilson,IJ Gould,MA Gough,JJ Crowe,Sri Lanka,148.0,,,,,,
656469,6,South Africa,United Arab Emirates,male,2014/15,2015/03/12,ICC Cricket World Cup,36.0,Westpac Stadium,Wellington,United Arab Emirates,field,AB de Villiers,SJ Davis,RJ Tucker,Aleem Dar,BNJ Oxenford,RS Mahanama,South Africa,146.0,,,,,,
656471,6,New Zealand,Bangladesh,male,2014/15,2015/03/13,ICC Cricket World Cup,37.0,Seddon Park,Hamilton,New Zealand,field,MJ Guptill,HDPK Dharmasena,RA Kettleborough,JD Cloete,NJ Llong,BC Broad,New Zealand,,3.0,,,,,
656475,6,India,Zimbabwe,male,2014/15,2015/03/14,ICC Cricket World Cup,39.0,Eden Park,Auckland,India,field,SK Raina,CB Gaffaney,BNJ Oxenford,SJ Davis,RJ Tucker,RS Mahanama,India,,6.0,,,,,
656477,6,Australia,Scotland,male,2014/15,2015/03/14,ICC Cricket World Cup,40.0,Bellerive Oval,Hobart,Australia,field,MA Starc,IJ Gould,RK Illingworth,MA Gough,JS Wilson,JJ Crowe,Australia,,7.0,,,,,
656479,6,United Arab Emirates,West Indies,male,2014/15,2015/03/15,ICC Cricket World Cup,41.0,McLean Park,Napier,West Indies,field,JO Holder,Aleem Dar,REJ Martinesz,HDPK Dharmasena,RA Kettleborough,BC Broad,West Indies,,6.0,,,,,
656481,6,Ireland,Pakistan,male,2014/15,2015/03/15,ICC Cricket World Cup,42.0,Adelaide Oval,,Ireland,bat,Sarfraz Ahmed,M Erasmus,RSA Palliyaguruge,PR Reiffel,SD Fry,RS Madugalle,Pakistan,,7.0,,,,,
656483,6,South Africa,Sri Lanka,male,2014/15,2015/03/18,ICC Cricket World Cup,,Sydney Cricket Ground,,Sri Lanka,bat,Imran Tahir,NJ Llong,RJ Tucker,BNJ Oxenford,RA Kettleborough,DC Boon,South Africa,,9.0,,,,,
656485,6,Bangladesh,India,male,2014/15,2015/03/19,ICC Cricket World Cup,,Melbourne Cricket Ground,,India,bat,RG Sharma,Aleem Dar,IJ Gould,PR Reiffel,SJ Davis,RS Mahanama,India,109.0,,,,,,
656487,6,Australia,Pakistan,male,2014/15,2015/03/20,ICC Cricket World Cup,,Adelaide Oval,,Pakistan,bat,JR Hazlewood,HDPK Dharmasena,M Erasmus,BF Bowden,RK Illingworth,RS Madugalle,Australia,,6.0,,,,,
656489,6,New Zealand,West Indies,male,2014/15,2015/03/21,ICC Cricket World Cup,,Westpac Stadium,Wellington,New Zealand,bat,MJ Guptill,RA Kettleborough,BNJ Oxenford,NJ Llong,RJ Tucker,BC Broad,New Zealand,143.0,,,,,,
656491,6,New Zealand,South Africa,male,2014/15,2015/03/24,ICC Cricket World Cup,,Eden Park,Auckland,South Africa,bat,GD Elliott,IJ Gould,RJ Tucker,BNJ Oxenford,NJ Llong,DC Boon,New Zealand,,4.0,,D/L,,,
656493,6,Australia,India,male,2014/15,2015/03/26,ICC Cricket World Cup,,Sydney Cricket Ground,,Australia,bat,SPD Smith,HDPK Dharmasena,RA Kettleborough,RK Illingworth,M Erasmus,RS Madugalle,Australia,95.0,,,,,,
656495,6,Australia,New Zealand,male,2014/15,2015/03/29,ICC Cricket World Cup,,Melbourne Cricket Ground,,New Zealand,bat,JP Faulkner,HDPK Dharmasena,RA Kettleborough,IJ Gould,M Erasmus,RS Madugalle,Australia,,7.0,,,,,
